l,N_turns,freq,target_size,electrode_type,electrodes_thickness_ratio,gap_ratio,electrodes_angle0,electrodes_angle1,slowness_0,zlayer_0,slowness_1,zlayer_1,slowness_2,zlayer_2,reticule_filename,branch_type
0,10,1.00E+007,0.5e-3,IDT,1,1,44.25,223.75,-1,0,0.000304878,0.150e-3,0.0006666667,0.200e-3,mirror,straight
0,10,1.00E+007,0.5e-3,IDT,1,1,44.25,223.75,-1,0,0.000304878,0.150e-3,0.0006666667,0.200e-3,reticule,straight
0,10,3.00E+07,0.5e-3,IDT,1,1,44.25,223.75,-1,0,0.000304878,0.150e-3,0.0006666667,0.200e-3,mirror,straight
0,10,3.00E+07,0.5e-3,IDT,1,1,44.25,223.75,-1,0,0.000304878,0.150e-3,0.0006666667,0.200e-3,reticule,straight
1,10,1.00E+007,0.5e-3,IDT,1,1,44.25,223.75,-1,0,0.000304878,0.150e-3,0.0006666667,0.200e-3,reticule,straight
1,10,1.00E+007,0.5e-3,IDT,1,1,44.25,223.75,-1,0,0.000304878,0.150e-3,0.0006666667,0.200e-3,mirror,straight
1,10,3.00E+07,0.5e-3,IDT,1,1,44.25,223.75,-1,0,0.000304878,0.150e-3,0.0006666667,0.200e-3,reticule,straight
1,10,3.00E+07,0.5e-3,IDT,1,1,44.25,223.75,-1,0,0.000304878,0.150e-3,0.0006666667,0.200e-3,mirror,straight
