l,N_turns,freq,target_size,electrode_type,electrodes_thickness_ratio,gap_ratio,electrodes_angle0,electrodes_angle1,substrate_thickness,slowness_0,alpha,beta,gamma,orientation_type,wave,zlayer_0,slowness_1,zlayer_1,slowness_2,zlayer_2,reticule_filename,branch_type
1,10,1.00E+07,5.00E-04,IDT,1,1,45,225,1.00E-03,LiNbO3_Xcut_Ogi,0,38,0,rzxz,SAW,0,0.000373,1.00E-04,0.000666667,2.00E-04,reticule,straight
3,10,3.00E+07,5.00E-04,IDT,1,1,45,225,1.00E-03,LiNbO3_Xcut_Ogi,0,38,0,rzxz,SAW,0,0.000373,1.00E-04,0.000666667,2.00E-04,reticule,straight
10,10,3.00E+07,1.50E-03,IDT,1,1,45,225,1.00E-03,LiNbO3_Xcut_Ogi,0,38,0,rzxz,SAW,0,0.000373,1.00E-04,0.000666667,2.00E-04,reticule,straight
1,10,3.00E+07,5.00E-04,IDT,1,1,45,225,1.00E-03,LiNbO3_Xcut_Ogi,0,38,0,rzxz,SAW,0,0.000373,1.00E-03,0.000666667,2.00E-04,reticule,straight
1,10,1.00E+07,5.00E-04,IDT,1,1,45,225,1.00E-03,LiNbO3_Xcut_Ogi,0,38,0,rzxz,SAW,0,0.000373,1.00E-04,0.000666667,2.00E-04,reticule,straight
1,10,3.00E+07,5.00E-04,IDT,1,1,45,225,1.00E-03,LiNbO3_Xcut_Ogi,0,38,0,rzxz,SAW,0,0.000373,1.00E-04,0.000666667,2.00E-04,reticule,straight
1,10,3.00E+07,5.00E-04,IDT,1,1,45,225,1.00E-03,LiNbO3_Xcut_Ogi,0,38,0,rzxz,SAW,0,0.000373,1.00E-04,0.000666667,2.00E-04,reticule,straight
1,10,3.00E+07,5.00E-04,IDT,1,1,45,225,1.00E-03,LiNbO3_Xcut_Ogi,0,38,0,rzxz,SAW,0,0.000373,1.00E-04,0.000666667,2.00E-04,reticule,straight
