theta,R,l,N_turns,freq,target_size,x_pos,y_pos,electrode_type,electrodes_thickness_ratio,gap_ratio,electrodes_angle0,electrodes_angle1,substrate_thickness,slowness_0,alpha,beta,gamma,orientation_type,wave,zlayer_0,slowness_1,zlayer_1,reticule_filename,reticule_radius,branch_type
0,1.65E-02,15,10,2.00E+07,6.00E-03,1.65E-02,0.00E+00,IDT,2,1,43.5,223.5,1.00E-03,LiNbO3_Xcut_Ogi,0,0,0,rxzx,SAW,0,0.000666667,1.00E-09,circle,1.10E-03,straight
0,1.65E-02,-7,10,1.00E+07,1.60E-02,1.65E-02,0.00E+00,IDT,2,1,43.5,223.5,1.00E-03,LiNbO3_Xcut_Ogi,0,0,0,rxzx,SAW,0,0.000666667,1.00E-09,circle,1.10E-03,straight
90,1.65E-02,0,20,3.00E+07,4.00E-03,1.01E-18,1.65E-02,SPUDT,3,1,43.5,223.5,1.00E-03,LiNbO3_Xcut_Ogi,0,0,0,rxzx,SAW,0,0.000666667,1.00E-03,circle,1.10E-03,straight
180,1.65E-02,0,10,2.00E+07,4.00E-03,-1.65E-02,2.02E-18,IDT,2,1,43.5,223.5,1.00E-03,LiNbO3_Xcut_Ogi,0,0,0,rxzx,SAW,0,0.000666667,1.00E-09,circle,1.10E-03,straight
180,1.65E-02,-7,10,1.00E+07,1.30E-02,-1.65E-02,2.02E-18,IDT,2,1,43.5,223.5,1.00E-03,LiNbO3_Xcut_Ogi,0,0,0,rxzx,SAW,0,0.000666667,1.00E-09,circle,1.10E-03,straight
260,1.65E-02,0,20,3.00E+07,4.00E-03,-2.87E-03,-1.62E-02,SPUDT,3,1,43.5,223.5,1.00E-03,LiNbO3_Xcut_Ogi,0,0,0,rxzx,SAW,0,0.000666667,1.00E-03,circle,1.10E-03,straight
